<?xml version="1.0" encoding="UTF-8"?>
<project-private xmlns="http://www.netbeans.org/ns/project-private/1">
    <editor-bookmarks xmlns="http://www.netbeans.org/ns/editor-bookmarks/2" lastBookmarkId="0"/>
    <open-files xmlns="http://www.netbeans.org/ns/projectui-open-files/2">
        <group>
            <file>file:/C:/Users/melisa/Documents/DACC/LPS/LocacaoBike/src/gui/FrmCadLocacao.java</file>
            <file>file:/C:/Users/melisa/Documents/DACC/LPS/LocacaoBike/src/locacaobike/Bicicleta.java</file>
            <file>file:/C:/Users/melisa/Documents/DACC/LPS/LocacaoBike/src/locacaobike/Locacao.java</file>
            <file>file:/C:/Users/melisa/Documents/DACC/LPS/LocacaoBike/src/gui/Inicio.java</file>
            <file>file:/C:/Users/melisa/Documents/DACC/LPS/LocacaoBike/src/gui/FrmCadBicicleta.java</file>
            <file>file:/C:/Users/melisa/Documents/DACC/LPS/LocacaoBike/src/gui/FrmCadModB.java</file>
            <file>file:/C:/Users/melisa/Documents/DACC/LPS/LocacaoBike/src/gui/FrmCadCliente.java</file>
        </group>
    </open-files>
</project-private>
